,PC1,PC2,PC3,PC4,PC5
sale_id,0.010174097860586444,-0.3445835086987763,0.4767397106264234,0.04271619338356491,-0.6304265440033098
product_id,-0.018675364090163897,0.0623339510094396,-0.2783508386802078,0.7875848874132916,-0.09288920508248451
customer_id,0.017503480635277697,0.5101388432747027,0.28917040798716176,0.075502048802197,0.46623260447911913
store_id,-0.01907477721831764,0.09957733388212661,-0.46746153678992763,-0.5894127453558011,-0.14778289947501902
quantity,0.35953884869705266,0.47419434320581816,-0.22430302971727217,0.05784285437601273,-0.4482821585265789
unit_price,0.4336867725002865,-0.35221820485650945,0.23894491705788734,-0.06836445981247981,0.33410648680044874
discount_percent,-0.05375813901893125,0.5081581159148899,0.5340414570726758,-0.12937839706771392,-0.2052697099643511
sales_amount,0.5825097259589957,0.006196350246697576,-0.01570740723260733,0.003095430841736849,-0.0009081118665245451
profit_margin,0.5825097259589957,0.006196350246697437,-0.01570740723260751,0.0030954308417369325,-0.0009081118665246041
